Date,Time,Body,Image URL,Link
14/07/2026,12:04,"🔥 Organik Zeytin Yagi 1L - Şu an trendlerde!
💰 Kazandıran fırsat sizlerle.
Detaylar ve güncel fiyatlar için linke tıklayın! 👇",https://www.trendyol.com/gida-saglik-ve-ozel-bakim/organik-urunler/organik-zeytin-yagi,https://www.trendyol.com/gida-saglik-ve-ozel-bakim/organik-urunler/organik-zeytin-yagi
14/07/2026,16:04,"🔥 Kozmetik Cilt Bakim Seti - Şu an trendlerde!
💰 Kazandıran fırsat sizlerle.
Detaylar ve güncel fiyatlar için linke tıklayın! 👇",https://www.trendyol.com/kozmetik/cilt-bakim/cilt-bakim-seti,https://www.trendyol.com/kozmetik/cilt-bakim/cilt-bakim-seti
14/07/2026,20:04,"🔥 Nemlendirici Krem - Şu an trendlerde!
💰 Kazandıran fırsat sizlerle.
Detaylar ve güncel fiyatlar için linke tıklayın! 👇",https://www.trendyol.com/kozmetik/cilt-bakim/nemlendirici-krem,https://www.trendyol.com/kozmetik/cilt-bakim/nemlendirici-krem
15/07/2026,00:04,"🔥 Şampuan 500ml - Şu an trendlerde!
💰 Kazandıran fırsat sizlerle.
Detaylar ve güncel fiyatlar için linke tıklayın! 👇",https://www.trendyol.com/kozmetik/sac-bakim/sampuan,https://www.trendyol.com/kozmetik/sac-bakim/sampuan
15/07/2026,04:04,"🔥 Bal 1kg - Şu an trendlerde!
💰 Kazandıran fırsat sizlerle.
Detaylar ve güncel fiyatlar için linke tıklayın! 👇",https://www.trendyol.com/gida-saglik-ve-ozel-bakim/tatli-urunler/bal,https://www.trendyol.com/gida-saglik-ve-ozel-bakim/tatli-urunler/bal
15/07/2026,08:04,"🔥 Organik Zeytin Yagi 1L - Şu an trendlerde!
💰 Kazandıran fırsat sizlerle.
Detaylar ve güncel fiyatlar için linke tıklayın! 👇",https://www.trendyol.com/gida-saglik-ve-ozel-bakim/organik-urunler/organik-zeytin-yagi,https://www.trendyol.com/gida-saglik-ve-ozel-bakim/organik-urunler/organik-zeytin-yagi
15/07/2026,12:04,"🔥 Kozmetik Cilt Bakim Seti - Şu an trendlerde!
💰 Kazandıran fırsat sizlerle.
Detaylar ve güncel fiyatlar için linke tıklayın! 👇",https://www.trendyol.com/kozmetik/cilt-bakim/cilt-bakim-seti,https://www.trendyol.com/kozmetik/cilt-bakim/cilt-bakim-seti
15/07/2026,16:04,"🔥 Nemlendirici Krem - Şu an trendlerde!
💰 Kazandıran fırsat sizlerle.
Detaylar ve güncel fiyatlar için linke tıklayın! 👇",https://www.trendyol.com/kozmetik/cilt-bakim/nemlendirici-krem,https://www.trendyol.com/kozmetik/cilt-bakim/nemlendirici-krem
15/07/2026,20:04,"🔥 Sampuan 500ml - Şu an trendlerde!
💰 Kazandıran fırsat sizlerle.
Detaylar ve güncel fiyatlar için linke tıklayın! 👇",https://www.trendyol.com/kozmetik/sac-bakim/sampuan,https://www.trendyol.com/kozmetik/sac-bakim/sampuan
16/07/2026,00:04,"🔥 Bal 1kg - Şu an trendlerde!
💰 Kazandıran fırsat sizlerle.
Detaylar ve güncel fiyatlar için linke tıklayın! 👇",https://www.trendyol.com/gida-saglik-ve-ozel-bakim/tatli-urunler/bal,https://www.trendyol.com/gida-saglik-ve-ozel-bakim/tatli-urunler/bal
16/07/2026,04:04,"🔥 Organik Zeytin Yagi 1L - Şu an trendlerde!
💰 Kazandıran fırsat sizlerle.
Detaylar ve güncel fiyatlar için linke tıklayın! 👇",https://www.trendyol.com/gida-saglik-ve-ozel-bakim/organik-urunler/organik-zeytin-yagi,https://www.trendyol.com/gida-saglik-ve-ozel-bakim/organik-urunler/organik-zeytin-yagi
16/07/2026,08:04,"🔥 Kozmetik Cilt Bakim Seti - Şu an trendlerde!
💰 Kazandıran fırsat sizlerle.
Detaylar ve güncel fiyatlar için linke tıklayın! 👇",https://www.trendyol.com/kozmetik/cilt-bakim/cilt-bakim-seti,https://www.trendyol.com/kozmetik/cilt-bakim/cilt-bakim-seti
16/07/2026,12:04,"🔥 Nemlendirici Krem - Şu an trendlerde!
💰 Kazandıran fırsat sizlerle.
Detaylar ve güncel fiyatlar için linke tıklayın! 👇",https://www.trendyol.com/kozmetik/cilt-bakim/nemlendirici-krem,https://www.trendyol.com/kozmetik/cilt-bakim/nemlendirici-krem
16/07/2026,16:04,"🔥 Sampuan 500ml - Şu an trendlerde!
💰 Kazandıran fırsat sizlerle.
Detaylar ve güncel fiyatlar için linke tıklayın! 👇",https://www.trendyol.com/kozmetik/sac-bakim/sampuan,https://www.trendyol.com/kozmetik/sac-bakim/sampuan
16/07/2026,20:04,"🔥 Bal 1kg - Şu an trendlerde!
💰 Kazandıran fırsat sizlerle.
Detaylar ve güncel fiyatlar için linke tıklayın! 👇",https://www.trendyol.com/gida-saglik-ve-ozel-bakim/tatli-urunler/bal,https://www.trendyol.com/gida-saglik-ve-ozel-bakim/tatli-urunler/bal
17/07/2026,00:04,"🔥 Organik Zeytin Yagi 1L - Şu an trendlerde!
💰 Kazandıran fırsat sizlerle.
Detaylar ve güncel fiyatlar için linke tıklayın! 👇",https://www.trendyol.com/gida-saglik-ve-ozel-bakim/organik-urunler/organik-zeytin-yagi,https://www.trendyol.com/gida-saglik-ve-ozel-bakim/organik-urunler/organik-zeytin-yagi
17/07/2026,04:04,"🔥 Kozmetik Cilt Bakim Seti - Şu an trendlerde!
💰 Kazandıran fırsat sizlerle.
Detaylar ve güncel fiyatlar için linke tıklayın! 👇",https://www.trendyol.com/kozmetik/cilt-bakim/cilt-bakim-seti,https://www.trendyol.com/kozmetik/cilt-bakim/cilt-bakim-seti
17/07/2026,08:04,"🔥 Nemlendirici Krem - Şu an trendlerde!
💰 Kazandıran fırsat sizlerle.
Detaylar ve güncel fiyatlar için linke tıklayın! 👇",https://www.trendyol.com/kozmetik/cilt-bakim/nemlendirici-krem,https://www.trendyol.com/kozmetik/cilt-bakim/nemlendirici-krem
17/07/2026,12:04,"🔥 Sampuan 500ml - Şu an trendlerde!
💰 Kazandıran fırsat sizlerle.
Detaylar ve güncel fiyatlar için linke tıklayın! 👇",https://www.trendyol.com/kozmetik/sac-bakim/sampuan,https://www.trendyol.com/kozmetik/sac-bakim/sampuan
17/07/2026,16:04,"🔥 Bal 1kg - Şu an trendlerde!
💰 Kazandıran fırsat sizlerle.
Detaylar ve güncel fiyatlar için linke tıklayın! 👇",https://www.trendyol.com/gida-saglik-ve-ozel-bakim/tatli-urunler/bal,https://www.trendyol.com/gida-saglik-ve-ozel-bakim/tatli-urunler/bal
17/07/2026,20:04,"🔥 Organik Zeytin Yagi 1L - Şu an trendlerde!
💰 Kazandıran fırsat sizlerle.
Detaylar ve güncel fiyatlar için linke tıklayın! 👇",https://www.trendyol.com/gida-saglik-ve-ozel-bakim/organik-urunler/organik-zeytin-yagi,https://www.trendyol.com/gida-saglik-ve-ozel-bakim/organik-urunler/organik-zeytin-yagi
18/07/2026,00:04,"🔥 Kozmetik Cilt Bakim Seti - Şu an trendlerde!
💰 Kazandıran fırsat sizlerle.
Detaylar ve güncel fiyatlar için linke tıklayın! 👇",https://www.trendyol.com/kozmetik/cilt-bakim/cilt-bakim-seti,https://www.trendyol.com/kozmetik/cilt-bakim/cilt-bakim-seti
18/07/2026,04:04,"🔥 Nemlendirici Krem - Şu an trendlerde!
💰 Kazandıran fırsat sizlerle.
Detaylar ve güncel fiyatlar için linke tıklayın! 👇",https://www.trendyol.com/kozmetik/cilt-bakim/nemlendirici-krem,https://www.trendyol.com/kozmetik/cilt-bakim/nemlendirici-krem
18/07/2026,08:04,"🔥 Sampuan 500ml - Şu an trendlerde!
💰 Kazandıran fırsat sizlerle.
Detaylar ve güncel fiyatlar için linke tıklayın! 👇",https://www.trendyol.com/kozmetik/sac-bakim/sampuan,https://www.trendyol.com/kozmetik/sac-bakim/sampuan
18/07/2026,12:04,"🔥 Bal 1kg - Şu an trendlerde!
💰 Kazandıran fırsat sizlerle.
Detaylar ve güncel fiyatlar için linke tıklayın! 👇",https://www.trendyol.com/gida-saglik-ve-ozel-bakim/tatli-urunler/bal,https://www.trendyol.com/gida-saglik-ve-ozel-bakim/tatli-urunler/bal
18/07/2026,16:04,"🔥 Organik Zeytin Yagi 1L - Şu an trendlerde!
💰 Kazandıran fırsat sizlerle.
Detaylar ve güncel fiyatlar için linke tıklayın! 👇",https://www.trendyol.com/gida-saglik-ve-ozel-bakim/organik-urunler/organik-zeytin-yagi,https://www.trendyol.com/gida-saglik-ve-ozel-bakim/organik-urunler/organik-zeytin-yagi
18/07/2026,20:04,"🔥 Kozmetik Cilt Bakim Seti - Şu an trendlerde!
💰 Kazandıran fırsat sizlerle.
Detaylar ve güncel fiyatlar için linke tıklayın! 👇",https://www.trendyol.com/kozmetik/cilt-bakim/cilt-bakim-seti,https://www.trendyol.com/kozmetik/cilt-bakim/cilt-bakim-seti
19/07/2026,00:04,"🔥 Nemlendirici Krem - Şu an trendlerde!
💰 Kazandıran fırsat sizlerle.
Detaylar ve güncel fiyatlar için linke tıklayın! 👇",https://www.trendyol.com/kozmetik/cilt-bakim/nemlendirici-krem,https://www.trendyol.com/kozmetik/cilt-bakim/nemlendirici-krem
19/07/2026,04:04,"🔥 Sampuan 500ml - Şu an trendlerde!
💰 Kazandıran fırsat sizlerle.
Detaylar ve güncel fiyatlar için linke tıklayın! 👇",https://www.trendyol.com/kozmetik/sac-bakim/sampuan,https://www.trendyol.com/kozmetik/sac-bakim/sampuan
19/07/2026,08:04,"🔥 Bal 1kg - Şu an trendlerde!
💰 Kazandıran fırsat sizlerle.
Detaylar ve güncel fiyatlar için linke tıklayın! 👇",https://www.trendyol.com/gida-saglik-ve-ozel-bakim/tatli-urunler/bal,https://www.trendyol.com/gida-saglik-ve-ozel-bakim/tatli-urunler/bal
19/07/2026,12:04,"🔥 Organik Zeytin Yagi 1L - Şu an trendlerde!
💰 Kazandıran fırsat sizlerle.
Detaylar ve güncel fiyatlar için linke tıklayın! 👇",https://www.trendyol.com/gida-saglik-ve-ozel-bakim/organik-urunler/organik-zeytin-yagi,https://www.trendyol.com/gida-saglik-ve-ozel-bakim/organik-urunler/organik-zeytin-yagi
19/07/2026,16:04,"🔥 Kozmetik Cilt Bakim Seti - Şu an trendlerde!
💰 Kazandıran fırsat sizlerle.
Detaylar ve güncel fiyatlar için linke tıklayın! 👇",https://www.trendyol.com/kozmetik/cilt-bakim/cilt-bakim-seti,https://www.trendyol.com/kozmetik/cilt-bakim/cilt-bakim-seti
19/07/2026,20:04,"🔥 Nemlendirici Krem - Şu an trendlerde!
💰 Kazandıran fırsat sizlerle.
Detaylar ve güncel fiyatlar için linke tıklayın! 👇",https://www.trendyol.com/kozmetik/cilt-bakim/nemlendirici-krem,https://www.trendyol.com/kozmetik/cilt-bakim/nemlendirici-krem
20/07/2026,00:04,"🔥 Sampuan 500ml - Şu an trendlerde!
💰 Kazandıran fırsat sizlerle.
Detaylar ve güncel fiyatlar için linke tıklayın! 👇",https://www.trendyol.com/kozmetik/sac-bakim/sampuan,https://www.trendyol.com/kozmetik/sac-bakim/sampuan
20/07/2026,04:04,"🔥 Bal 1kg - Şu an trendlerde!
💰 Kazandıran fırsat sizlerle.
Detaylar ve güncel fiyatlar için linke tıklayın! 👇",https://www.trendyol.com/gida-saglik-ve-ozel-bakim/tatli-urunler/bal,https://www.trendyol.com/gida-saglik-ve-ozel-bakim/tatli-urunler/bal
20/07/2026,08:04,"🔥 Organik Zeytin Yagi 1L - Şu an trendlerde!
💰 Kazandıran fırsat sizlerle.
Detaylar ve güncel fiyatlar için linke tıklayın! 👇",https://www.trendyol.com/gida-saglik-ve-ozel-bakim/organik-urunler/organik-zeytin-yagi,https://www.trendyol.com/gida-saglik-ve-ozel-bakim/organik-urunler/organik-zeytin-yagi
20/07/2026,12:04,"🔥 Kozmetik Cilt Bakim Seti - Şu an trendlerde!
💰 Kazandıran fırsat sizlerle.
Detaylar ve güncel fiyatlar için linke tıklayın! 👇",https://www.trendyol.com/kozmetik/cilt-bakim/cilt-bakim-seti,https://www.trendyol.com/kozmetik/cilt-bakim/cilt-bakim-seti
20/07/2026,16:04,"🔥 Nemlendirici Krem - Şu an trendlerde!
💰 Kazandıran fırsat sizlerle.
Detaylar ve güncel fiyatlar için linke tıklayın! 👇",https://www.trendyol.com/kozmetik/cilt-bakim/nemlendirici-krem,https://www.trendyol.com/kozmetik/cilt-bakim/nemlendirici-krem
20/07/2026,20:04,"🔥 Sampuan 500ml - Şu an trendlerde!
💰 Kazandıran fırsat sizlerle.
Detaylar ve güncel fiyatlar için linke tıklayın! 👇",https://www.trendyol.com/kozmetik/sac-bakim/sampuan,https://www.trendyol.com/kozmetik/sac-bakim/sampuan
21/07/2026,00:04,"🔥 Bal 1kg - Şu an trendlerde!
💰 Kazandıran fırsat sizlerle.
Detaylar ve güncel fiyatlar için linke tıklayın! 👇",https://www.trendyol.com/gida-saglik-ve-ozel-bakim/tatli-urunler/bal,https://www.trendyol.com/gida-saglik-ve-ozel-bakim/tatli-urunler/bal
21/07/2026,04:04,"🔥 Organik Zeytin Yagi 1L - Şu an trendlerde!
💰 Kazandıran fırsat sizlerle.
Detaylar ve güncel fiyatlar için linke tıklayın! 👇",https://www.trendyol.com/gida-saglik-ve-ozel-bakim/organik-urunler/organik-zeytin-yagi,https://www.trendyol.com/gida-saglik-ve-ozel-bakim/organik-urunler/organik-zeytin-yagi
21/07/2026,08:04,"🔥 Kozmetik Cilt Bakim Seti - Şu an trendlerde!
💰 Kazandıran fırsat sizlerle.
Detaylar ve güncel fiyatlar için linke tıklayın! 👇",https://www.trendyol.com/kozmetik/cilt-bakim/cilt-bakim-seti,https://www.trendyol.com/kozmetik/cilt-bakim/cilt-bakim-seti
21/07/2026,12:04,"🔥 Nemlendirici Krem - Şu an trendlerde!
💰 Kazandıran fırsat sizlerle.
Detaylar ve güncel fiyatlar için linke tıklayın! 👇",https://www.trendyol.com/kozmetik/cilt-bakim/nemlendirici-krem,https://www.trendyol.com/kozmetik/cilt-bakim/nemlendirici-krem
21/07/2026,16:04,"🔥 Sampuan 500ml - Şu an trendlerde!
💰 Kazandıran fırsat sizlerle.
Detaylar ve güncel fiyatlar için linke tıklayın! 👇",https://www.trendyol.com/kozmetik/sac-bakim/sampuan,https://www.trendyol.com/kozmetik/sac-bakim/sampuan
21/07/2026,20:04,"🔥 Bal 1kg - Şu an trendlerde!
💰 Kazandıran fırsat sizlerle.
Detaylar ve güncel fiyatlar için linke tıklayın! 👇",https://www.trendyol.com/gida-saglik-ve-ozel-bakim/tatli-urunler/bal,https://www.trendyol.com/gida-saglik-ve-ozel-bakim/tatli-urunler/bal
22/07/2026,00:04,"🔥 Organik Zeytin Yagi 1L - Şu an trendlerde!
💰 Kazandıran fırsat sizlerle.
Detaylar ve güncel fiyatlar için linke tıklayın! 👇",https://www.trendyol.com/gida-saglik-ve-ozel-bakim/organik-urunler/organik-zeytin-yagi,https://www.trendyol.com/gida-saglik-ve-ozel-bakim/organik-urunler/organik-zeytin-yagi
22/07/2026,04:04,"🔥 Kozmetik Cilt Bakim Seti - Şu an trendlerde!
💰 Kazandıran fırsat sizlerle.
Detaylar ve güncel fiyatlar için linke tıklayın! 👇",https://www.trendyol.com/kozmetik/cilt-bakim/cilt-bakim-seti,https://www.trendyol.com/kozmetik/cilt-bakim/cilt-bakim-seti
22/07/2026,08:04,"🔥 Nemlendirici Krem - Şu an trendlerde!
💰 Kazandıran fırsat sizlerle.
Detaylar ve güncel fiyatlar için linke tıklayın! 👇",https://www.trendyol.com/kozmetik/cilt-bakim/nemlendirici-krem,https://www.trendyol.com/kozmetik/cilt-bakim/nemlendirici-krem
22/07/2026,12:04,"🔥 Sampuan 500ml - Şu an trendlerde!
💰 Kazandıran fırsat sizlerle.
Detaylar ve güncel fiyatlar için linke tıklayın! 👇",https://www.trendyol.com/kozmetik/sac-bakim/sampuan,https://www.trendyol.com/kozmetik/sac-bakim/sampuan
22/07/2026,16:04,"🔥 Bal 1kg - Şu an trendlerde!
💰 Kazandıran fırsat sizlerle.
Detaylar ve güncel fiyatlar için linke tıklayın! 👇",https://www.trendyol.com/gida-saglik-ve-ozel-bakim/tatli-urunler/bal,https://www.trendyol.com/gida-saglik-ve-ozel-bakim/tatli-urunler/bal
